नेपाल सरकारको अर्थमन्त्रीको हैसियतले आर्थिक वर्ष २०८१/८२ को बजेट प्रस्तुत गर्न यस सम्मानित सदनमा उपस्थित भएको छु।	As the Finance Minister of the Government of Nepal, I am here in this august Parliament to present the budget for the fiscal year 2024/25.
सर्वप्रथम, गणतन्त्र दिवसको अवसरमा सम्पूर्ण नेपाली दिदीबहिनी तथा दाजुभाइमा हार्दिक शुभकामना व्यक्त गर्दछु।	On the occasion of the 17th Republic Day, first of all, I extend my best wishes to all Nepali brothers and sisters. 
नेपालका प्रथम शहीद लखन थापा, २००७ सालको परिवर्तन, २०४६ सालको आन्दोलन, २०५२ सालको जनयुद्ध, २०६२/६३ को जनआन्दोलन, मधेश आन्दोलन, आदिवासी जनजाति आन्दोलन लगायत सम्पूर्ण लोकतान्त्रिक आन्दोलनका महान शहीदहरूलाई हार्दिक श्रद्धाञ्जली अर्पण गर्दछु।	I pay my heartfelt tribute to great martyrs of all the democratic movements including Lakhan Thapa, the first martyr of Nepal, great martyrs of revolution of 1950, movement of 1990, people’s war of 1995, people’s movement of 2005/06, Madhesh movement, Adibasi Janjati movements.
बेपत्ता परिवार, घाइते, अपांगता भएका व्यक्तिहरूसहित सबै जनसमुदायलाई उच्च सम्मान प्रकट गर्दछु।	I express my respect to all communities including the families of missing persons, injured and persons with disabilities. 
केही समयदेखि शिथिल रहेको मुलुकको अर्थतन्त्र सरकारको निरन्तर प्रयासबाट चलायमान हुँदै गएको छ।	The country's economy, which has been sluggish for some time, is becoming vibrant with the continuous efforts of the government.
विगतमा सुरु गरेका आर्थिक सुधारका उपलब्धिहरूलाई संस्थागत गर्दै बदलिंदो विश्व अर्थव्यवस्था र नेपालको वर्तमान आवश्यकतालाई दृष्टिगत गरी अर्थतन्त्रलाई सबल र उत्प्रेरित बनाउन आवश्यक ठानेको छु।	I think it is necessary to institutionalise the achievements of economic reforms initiated in the past and make the economy strong and resilient in view of the changing global economy and Nepal's actual needs.
संविधानको परिकल्पना अनुसार, राष्ट्र अर्थतन्त्रलाई आत्मनिर्भर, स्वावलम्बी तथा उत्कर्षशील बनाउँदै समाजवाद उन्मुख समृद्ध राष्ट्र निर्माणका लागि नयाँ चरणको आर्थिक सुधार आवश्यक देखिएको छ।	A new phase of economic reform is necessary to build a socialism-oriented prosperous nation by making the national economy self-reliant, independent and progressive as envisioned by the constitution.
बजेटलाई आर्थिक तथा सामाजिक क्षेत्रहरूमा देखिएका चुनौतीहरूको सम्बोधन गर्दै आम नागरिकमा आत्मविश्वास र आशा जगाउने दस्तावेजको रूपमा प्रस्तुत गरेको छु।	I have presented the Budget as a document to instil self-confidence and hope in the common citizen by addressing the challenges witnessed in the economic and social sector.
समृद्ध नेपाल, सुखी नेपालीको राष्ट्रिय आकांक्षा पूरा गर्न र आर्थिक सुधारका कार्यक्रम अगाडि बढाउन आगामी आर्थिक वर्षलाई आर्थिक सुधारको वर्ष घोषणा गरेको छु।	I have declared the next fiscal year as the year of economic reform to fulfil the national aspirations of prosperous Nepal and Happy Nepali and to carry out the program of economic reform
तेह्रो लगानी सम्मेलन उत्साहपूर्ण रूपमा सम्पन्न भएको छ।	The Third Investment Summit has been concluded with enthusiasm.
सम्मेलनमा प्रमुख राजनीतिक दलबाट लगानीमैत्री वातावरण निर्माण गर्न र निजी क्षेत्रको आत्मबल बढाउन सामूहिक प्रतिबद्धता व्यक्त भएको छ।	In the summit, the majorpolitical parties expressed a collective commitment to create an investment-friendly environment and increase the confidence of the private sector. 
लगानीसम्बन्धी आठ कानूनमा एकै पटक गरिएको सुधारले सरकारको लगानीमैत्री वातावरण निर्माण गर्ने प्रतिबद्धताको पुनः पुष्टि भएको छ।	The government's commitment to creating an investment-friendly environment has been reaffirmed with the reform in eight laws related to investment at a time.
मुलुकमा संघीय लोकतान्त्रिक गणतन्त्र घोषणा भएको आज सोलह वर्ष पूरा भएको छ।	Sixteen years have been completed today since the Federal Democratic Republic was declared in the country.
यस अवधिमा आर्थिक तथा सामाजिक क्षेत्रमा हासिल भएका मुख्य उपलब्धिहरू प्रस्तुत गर्न अनुमति चाहन्छु।	Let me present the main achievements in the economic and social sectors during this period.
आर्थिक वर्ष २०६४/६५ मा रु. ८ खर्ब १५ अर्ब रहेको कुल गार्हस्थ उत्पादन चालु आर्थिक वर्षमा रु. ५७ खर्ब ५ अर्ब हुने अनुमान छ।	Gross Domestic Product of the current fiscal year is estimated to be Rs. 5 trillion 705 billion which was Rs. 815 billion in the fiscal year 2007/08.  
प्रति व्यक्ति राष्ट्रिय आय अमेरिकी डलर ४९१ बाट बढेर १ हजार ४५६ पुगेको छ।	Per capita national income increased from US$491 to US$1,456.
विद्युत् उत्पादन ७ सय मेगावाटबाट ३ हजार ६० मेगावाट पुगेको छ।	Electricity production has increased from 700 megawatts to 3,600 megawatts.
यसबीच ५६.१ प्रतिशतबाट बढेर ९८ प्रतिशत जनसंख्यामा विद्युत् सेवाको पहुँच पुगेको छ।	In the meantime, the percentage of population with access to electricity services has increased from 56.1 percent to 98 percent.
२०0८ सालमा कालोपत्रे सडक ५,४०० किलोमिटर रहेकोमा हाल १८,२४१ किलोमिटर पुगेको छ।	There were 5,400 km black-topped roads in the year 2008 which has now reached 18,241 km.
६१ जिल्ला सडक सञ्जालमा जोडिएकोमा हाल मुलुकका सबै जिल्ला राष्ट्रिय सडक सञ्जालमा जोडिएका छन्।	All the districts of the country are currently connected to the national road network while 61 districts were connected to the road network at that time.
मुलुकमा सबै स्तरका गरी १ लाख ५ हजार किलोमिटर सडक रहेको छ।	There are 150,000 kilometers of all types of roads in the country.
२०६५ सालमा वाणिज्य बैंकका ५ सय ९१ शाखा रहेकोमा हाल ५ हजार ४२ शाखा सञ्चालनमा रहेका छन्।	Currently 5,042 branches of commercial banks are in operation while there were 591 branches in 2008.
गणतन्त्र स्थापनापछि मुलुकमा स्रोत र साधनको वितरण समानतामा उन्मुख हुँदै गएको छ।	After the establishment of the Republican system, the distribution of means and resources in the country is moving towards equality.
नेपाल जीवनस्तर सर्वेक्षण २०६०/६१ मा असमानता गणना गर्दा जिनी सूचकांक ०.४१ रहेकोमा पछिल्लो सर्वेक्षणमा सुधार भई ०.३० कायम भएको छ।	The Gini coefficient, which calculates inequality was 0.41 in the Nepal Living Standards Survey of 2003/04, has improved to 0.30 in the latest survey.
२०६५ सालमा निरपेक्ष गरिबी ३०.८ प्रतिशत रहेकोमा हाल घटेर २०.३ प्रतिशत पुगेको छ।	Absolute poverty was 30.8 percent in 2008 which has decreased to 20.3 percent.
त्यसैगरी, मानव विकास सूचकांक ०.५०५ बाट बढेर ०.६०२ कायम भएको छ।	Similarly, the Human Development Index has increased from 0.505 to 0.602.
नेपालको औसत आयु ६०.७ वर्षबाट बढेर ७१.३ वर्ष पुगेको छ।	The average life expectancy of Nepalis has increased from 60.7 years to 71.3 years.
साक्षरता दर ५८ प्रतिशतबाट बढेर ७६.२ प्रतिशत पुगेको छ।	Literacy rate has increased from 58 percent to 76.2 percent.  
आधारभूत खानेपानीको पहुँच ४५ बाट बढेर ९७ प्रतिशत जनसंख्यामा पुगेको छ।	Access to basic drinking water has increased from 45 to 97 percent of the population.
संवत् २०६४ मा शिशु मृत्यु दर प्रति हजार जीवित जन्ममा ४८ रहेकोमा हाल २१ मा झरेको छ।	The infant mortality rate has decreased from 48 per thousand live births in 2008 to 21 per thousand at present.
त्यसैगरी, पाँच वर्ष मुनिको बाल मृत्यु दर प्रति हजार ६१ बाट ३३ मा र मातृ मृत्यु दर प्रति लाख २८१ बाट १५१ मा झरेको छ।	Similarly, the child mortality rate under five years has decreased from 61 to 33 per thousand and the maternal mortality rate has decreased from 281 to 151 per hundred thousand.
सार्वजनिक क्षेत्रमा महिला लगायत सीमांतकृत समुदायको सहभागिता व्यापक रूपमा बढेको छ।	Participation of marginalized communities, including women, in the public sector has increased significantly.
२०५६ सालको निर्वाचनमा तत्कालीन प्रतिनिधि सभामा महिलाको प्रतिनिधित्व ५.९ प्रतिशत रहेकोमा पछिल्लो निर्वाचनबाट प्रतिनिधित्व ३३.१ प्रतिशत पुगेको छ।	The representation of women in the House of Representatives was 5.9 percent in the 1999 election, which has reached 33.1 percent in the latest election.
२०५४ सालमा भएको निर्वाचनबाट स्थानीय निकायमा महिलाको उपस्थिति ११.८ प्रतिशत रहेकोमा स्थानीय तहको पछिल्लो निर्वाचनबाट ४१.२ प्रतिशत पुगेको छ।	The representation of women in local bodies was 11.8 percent in the 1997 elections which has increased to 41.2 percent from the last local level elections.
गणतन्त्र घोषणाको समयमा निजामती सेवामा महिलाको सहभागिता १२ प्रतिशत रहेकोमा हाल २८.५ प्रतिशत पुगेको छ।	Women's participation in the civil service has increased from 12 percent at the time of the declaration of the Republican system to 28.5 percent now.
लैङ्गिक असमानता सूचकांक ०.५३२ बाट सुधार भई ०.४५२ पुगेको छ।	The gender inequality index has improved from 0.532 to 0.452.
घरजग्गामा महिलाको स्वामित्व २३.९ प्रतिशत पुगेको छ।	Women's land ownership has reached 23.9 percent.
यस अवधिमा महिला, आदिवासी जनजाति, मधेसी, दलित, अपांगता भएका र पछाडि परेका क्षेत्रका गरी २४ हजार १५२ व्यक्तिहरू निजामती सेवामा प्रवेश गरेका छन्।	During this period, 24,152 people from women, indigenous people, ethnic groups, Madhesi, Dalit, disabled and backward areas have joined the civil service.
गणतन्त्र स्थापनापछि विभिन्न क्षेत्रमा उल्लेखनीय उपलब्धि हासिल भए तापनि हामीले अपेक्षा गरेको स्तरको विकासका लागि यी मात्र पर्याप्त छैनन्।	Although significant achievements have been made in various sectors since the establishment of the Republican system, these are not sufficient for the rapid development that we have expected.
संविधान निर्माणमा लागेको लामो समय, राजनीतिक संक्रमण, भूकम्प, कोभिड-१९ जस्ता आन्तरिक र बाह्य घटनाहरूका कारण हाम्रो विकासको गति तीव्र हुन सकेन।	Our pace of development could not accelerate due to spending long time in drafting the constitution, internal as well as external events such as political transition, the earthquake and the Covid-19 pandemic. 
गुणस्तरीय पूर्वाधारको कमी, दक्ष जनशक्तिको न्यूनता तथा उत्पादन, उत्पादकत्व र रोजगारमा अपेक्षित वृद्धि हुन नसकेका कारण आर्थिक वृद्धिको दर न्यून हुन पुग्यो।	The rate of economic growth has remained low due to the lack of quality infrastructure, the shortage of skilled manpower and inability to achieve the expected increase in production, productivity and employment.
यसबाट गरिबी र असमानतामा अपेक्षित कमी आउन नसकेको ख्याल राख्नुपर्ने देखिएको छ।	Food security and nutrition remained weak hindering expected reductions in poverty and inequality.
अर्थतन्त्रमा लामो समयदेखि संरचनागत चुनौती रहेकोमा पछिल्लो समय सार्वजनिक र निजी लगानी खुम्चिएको, सार्वजनिक वित्तमा असंतुलन बढ्दै गएको, सार्वजनिक ऋण व्यवस्थापन खर्च बढ्दै गएको र पूँजीगत खर्च गर्न क्षमतामा ह्रास आएको कारण थप चुनौती सिर्जना भएको छ।	The long-standing structural challenges in the economy have recently been compounded by shrinking public and private investment, growing imbalances in public finances, rising public debt management costs and declining capital expenditure capacity.
वर्षौंदेखि उस्तै प्रकृतिका समस्या तथा चुनौतीहरू दोहोरिइरहेकाले अर्थतन्त्र र विकास व्यवस्थापनमा देखिएको क्षमताको अभावको दुईचुना बोझ दरो गर्दै सुधारका नयाँ कार्यक्रममार्फत समृद्धिको लक्ष्य हासिल गर्नुपर्ने देखिएको छ।	In the context of witnessing the same nature of problems and challenges recurring over the years, the goal of prosperity must be achieved through a new reform program by breaking the vicious cycle of inadequate capacity witnessed in the economy and development management.
सूचना प्रविधिमा आएको बृद्धि, कृत्रिम बौद्धिकताको बढ्दो प्रयोग र ज्ञानमा आधारित अर्थतन्त्रको विकास भइरहेको सन्दर्भमा नेपालको अर्थतन्त्रले नयाँ पुस्ता अनुकूलको आर्थिक सुधारको माग गरेको छ।	In the context of the revolution in information technology, the increasing use of artificial intelligence and the development of a knowledge-based economy, Nepal's economy demands economic reforms suitable for the new generation.
युवा पुस्ताले अपेक्षा गरेअनुरूप कौशलयुक्त ज्ञान, सीप, नवप्रवर्तन र उद्यमशीलता बढाउन आवश्यक छ।	There is a need to develop expertise, knowledge, skills, innovation and entrepreneurship as expected by the young generation.
सन् २०२६ मा विकासोन्मुख राष्ट्रमा स्तरोन्नति भएपश्चात् लक्षणीय रणनीति, सन् २०३० सम्म दिगो विकास लक्ष्य हासिल गर्न अन्तर्राष्ट्रिय प्रतिबद्धता र मध्यम आय भएको राष्ट्रको स्तरमा पुग्ने राष्ट्रिय लक्ष्यलाई दृष्टिगत गरी आगामी आर्थिक वर्षमा आर्थिक सुधारलाई तीव्रता दिइनेछ।	Economic reforms will be accelerated in the coming fiscal year considering the strategy to be adopted after graduating to a developing country in 2026, the international commitment to achieve sustainable development goals by 2030, and the national goal of reaching the level of a middle-income country.
अब म मुलुकको वर्तमान आर्थिक अवस्था र चालू आर्थिक वर्षको बजेट कार्यान्वयनको समीक्षा संक्षेपमा प्रस्तुत गर्न चाहन्छु।	Now, I will briefly present the review of the current economic scenario of the country and the implementation of the budget for the current fiscal year.
उपभोक्ता मागमा कमी आउनु, कर्जाको विस्तार न्यून हुनु, उत्पादनमूलक क्षेत्र न्यून क्षमतामा सञ्चालन हुनु र वस्तुको आयातमा कमी आउनु लगायतका कारण आर्थिक गतिविधिमा अपेक्षित विस्तार हुन नसकेकाले चालू आर्थिक वर्षमा आर्थिक वृद्धिदर उत्पादकको मूल्यमा ३.९ प्रतिशत मात्र हुने प्रारम्भिक अनुमान छ।	The preliminary estimate of economic growth in the current fiscal year is 3.9 percent only due to the decrease in consumer demand, low credit expansion, low utilization of the production capacity of the manufacturing sector and decrease in the import of goods.
चालू आर्थिक वर्षको चैत महिनामा औसत मूल्य वृद्धिदर ४.६ प्रतिशतमा सीमित रहेको छ।	The average inflation is limited to 4.6 percent in the mid-April of the current fiscal year.
चालू आर्थिक वर्षको चैतसम्म आयात २.८ प्रतिशतले र निर्यात ३.७ प्रतिशतले घटेको छ।	Imports have decreased by 2.8 percent and exports by 3.7 percent until the end of March of the current fiscal year.
शोधनान्तर स्थिति रु. ३ खर्ब ६५ अर्बले बचतमा रहेको छ।	Balance of Payment is surplus by Rs. 365 billion.
विदेशी मुद्राको सञ्चिति १२.५ महिनाको वस्तु र सेवा आयात धान्न पर्याप्त रहेको छ।	Foreign exchange reserves are sufficient to cover 12.5 months of merchandise goods and services imports.
मुद्रास्फीति दर १९.८ प्रतिशत रहेको छ।	The growth rate of remittances is 19.8 percent.
आर्थिक वर्ष २०८०/८१ मा कुल सरकारी खर्च रु. १५ खर्ब ३० अर्ब ३५ करोड अर्थात् विनियोजनको ८७.४ प्रतिशत हुने संशोधित अनुमान छ।	The revised total public expenditure for the fiscal year 2023/24 is estimated to be Rs. 1 trillion 530 billion 350 million, accounting for 87.4 percent of the original estimate.
कुल सरकारी खर्चमध्ये चालू खर्च रु. १० खर्ब ६७ अर्ब ४९ करोड अर्थात् विनियोजनको ९३.५ प्रतिशत, पूँजीगत खर्च रु. २ खर्ब १५ अर्ब ३० करोड अर्थात् विनियोजनको ७१.३ प्रतिशत र वित्तीय व्यवस्थापनतर्फ रु. २ खर्ब ४७ अर्ब ५५ करोड अर्थात् विनियोजनको ८०.५ प्रतिशत खर्च हुने संशोधित अनुमान छ।	Out of this, the revised recurrent expenditure, capital expenditure and financing are estimated to be Rs. 1 trillion 067 billion 490 million (93.5 percent), Rs. 215 billion 300 million (71.3 percent) and Rs. 247 billion 550 million (80.5 percent) respectively.
चालू आर्थिक वर्ष राजस्व संकलन रु. १२ खर्ब ५३ अर्ब ५२ करोड संशोधित हुने अनुमान छ, यो लक्ष्यको तुलनामा ८८.१ प्रतिशत हो।	The revised estimate for revenue collection in the current fiscal year is estimated to be 1 trillion 253 billion 520 million, which is 88.1 percent of the initial target.
वैदेशिक अनुदानतर्फ रु. ३४ अर्ब ३४ करोड र वैदेशिक ऋण रु. १ खर्ब ४५ अर्ब ४४ करोड परिचालन हुने संशोधित अनुमान छ।	The revised estimate to mobilize foreign grants and loans is Rs. 34 billion 340 million and Rs. 145 billion 440 million respectively.
चालू आर्थिक वर्षको लागि खर्च यथाशक्य आन्तरिक ऋणबाट रु. २ खर्ब ४० अर्ब यथानुसार गर्ने अनुमान रहेकोमा वैशाखसम्म रु. १ खर्ब ९१ अर्ब उठाइएको छ।	Out of the domestic borrowings target of Rs. 240 billion for the current fiscal year, Rs. 191 billion has been raised by the mid-May 2024.चालू आर्थिक वर्षको मन्त्रालय र निकायगत बजेट विनियोजन र खर्चको गति विवरण, मुलुकको प्रमुख आर्थिक-सामाजिक परिसूचक र तथ्या‌ंको समावेश भएको आर्थिक सर्वेक्षण र सार्वजनिक संस्थानको गति समेत गरेको विवरण सम्मानित सदन समक्ष पेश गरिसकेको छु।
सम्माननीय महोदय,	Right Honourables,
आगामी कार्यदिशा स्पष्ट हुने गरी बजेटका पाँच उद्देश्य, पाँच प्राथमिकता, आर्थिक सुधारका पाँच रणनीति र पाँच प्राथमिकता क्षेत्रका कार्यक्रम प्रस्तुत गर्न अनुमति चाहन्छु।	Let me present the five objectives of the budget, five priorities, five strategies for economic reform and five transformative sector programs in a way to have clarity on the future course of action.
बजेटका पाँच उद्देश्यहरू निम्नानुसार रहेका छन्:	The five objectives of the budget are as follows:
उत्पादन, उत्पादकत्व र रोजगारी वृद्धि गर्ने।	To increase production, productivity and employment.
निजी क्षेत्रको मनोबल बढाउँदै लगानी वृद्धि गर्ने र आर्थिक गतिविधिमा तीव्रता ल्याउने।	To increase investment by enhancing private sector morale, and accelerate economic activity.
मानव संसाधन विकास गर्ने।	To develop human resources.
सार्वजनिक सेवा प्रवाहलाई प्रभावकारी बनाउने।	To make public service delivery effective.
बजेटका पाँच प्राथमिकता यस प्रकार निर्धारण गरेका छन्:	I have set five priorities of the budget as follows:
आर्थिक सुधार र निजी क्षेत्रको प्रवर्द्धन,	Economic reforms and promotion of the private sector,
कृषि, ऊर्जा, सूचना प्रविधि, पर्यटन, औद्योगिक विकास तथा पूर्वाधार निर्माण,	Agriculture, energy, information technology, tourism, industrial and infrastructure development,
शिक्षा, स्वास्थ्य लगायत सामाजिक क्षेत्रको विकास,	Development of social sectors including education, health
समावेशिता र सामाजिक सुरक्षा,	Inclusivity and Social Security, 
सुशासन प्रवर्द्धन तथा सार्वजनिक सेवा प्रवाहमा सुधार।	Promotion of good governance and improvement in public service delivery.
अब म आर्थिक सुधारका पाँच रणनीति प्रस्तुत गर्दछु:	Now, I present five strategies for economic reforms:
राष्ट्रिय अर्थतन्त्रको सम्भावनाको विश्लेषणको आधारमा आर्थिक वृद्धिका प्रमुख संवाहक क्षेत्र पहिचान गरी उच्च दरको आर्थिक वृद्धि हासिल गर्न र एकीकृत आर्थिक कोरिडोर विकास, डिजिटल अर्थतन्त्रको विस्तार र हरित अर्थतन्त्रको आधार निर्माण गर्न नयाँ चरणको आर्थिक सुधार कार्यक्रम अगाडि बढाइनेछ।	A new phase of economic reform program will be launched to achieve a high rate of economic growth by identifying the main drivers of economic growth, developing integrated economic corridors, expanding the digital economy and building the foundation of the green economy based on the analysis of potentiality of the national economy
यस सन्दर्भमा सिफारिस गर्न एक उच्चस्तरीय आर्थिक सुधार सुझाव आयोग गठन गरिनेछ।	A high-level Economic Reforms Recommendation Commission will be formed to make recommendations in this regard.
उद्योग र लगानी सम्बन्धी कानून परिमार्जन, नीतिगत स्थायित्व एवं लगानी सुरक्षाको सुनिश्चितता, क्रेडिट रेटिङ, त्रिपक्षीय लगानी र दोहोरो करसम्बन्धी सम्झौता, प्रविधि हस्तान्तरण वापत विदेशमा लैजान पाउने सेवा शुल्कको सीमा वृद्धि, विदेशमा प्रविधि हस्तान्तरण गरी आर्जित आयलाई निश्चित सीमासम्म पुनः विदेशमा लगानी गर्न पाउने व्यवस्था र स-सानो पूँजी संकलन गरी उद्यम तथा पूर्वाधार विकासमा लगानी गर्न कम्पनी स्थापना गर्न निजी क्षेत्रलाई प्रोत्साहित गरी व्यावसायिक वातावरणमा सुधार गरिनेछ।	Business environment will be improved by amending laws related to industry and investment, ensuring policy stability, investment security, conducting country rating, concluding bilateral investment and double tax avoidance agreements, increasing the limit of service fees that can betaken abroad for technology transfer, permitting to reinvest the income earned by technology transfer abroad up to a certain limit, encouraging the private sector to establish companies by collecting small capital to invest in enterprise and infrastructure development. 
कर प्रणालीमा सुधार एवं नीतिगत स्थायित्व, वित्तीय र मौद्रिक नीतिबीचको तालमेल, सार्वजनिक ऋणको दिगोपन, वित्तीय क्षेत्रको स्थायित्व र पूँजी परिचालन अभिवृद्धि, मितव्ययी र परिणाममुखी सार्वजनिक खर्च व्यवस्थापन र उद्देश्यमुखी वित्तीय हस्तान्तरण सुनिश्चित हुने गरी सार्वजनिक वित्त प्रणालीमा सुधार गरिनेछ।	The Public finance Management reform will be carried out by reforming the tax system, ensuring policy stability, aligning fiscal and monetary policy, securing public debt sustainability, maintaining financial sector stability and enhancing capital mobilisation, and result-oriented public expenditure management and targeted fiscal transfer. 
दोस्रो वित्तीय क्षेत्र विकास रणनीति तर्जुमा एवं कार्यान्वयन, डिजिटल भुक्तानीको प्रवर्द्धन, केन्द्रीय बैंक डिजिटल करेन्सी तयार गर्ने, औपचारिक क्षेत्रमा आर्थिक गतिविधिको विस्तार, हरित वित्त लगायतका नवीनतम वित्तीय उपकरणको उपयोग गर्नेगरी वित्तीय क्षेत्र सुधारका कार्यक्रम अगाडि बढाइनेछ।	The second financial sector development strategy will be formulated and implemented promoting digital payments, preparing the central bank digital currency, expanding economic activities in the formal sector and advancing financial sector reforms by utilizing innovative instruments such as green finance.
सार्वजनिक प्रशासनको संरचनागत, कार्यात्मक र व्यवहारगत सुधार एवं सेवा प्रवाहमा सूचना प्रविधिको अधिकतम उपयोग गरी सार्वजनिक क्षेत्रमा सुशासन प्रवर्द्धन गरिनेछ।	Good governance will be promoted in the public sector by maximising the utilisation of information technology in the structural, functional and behavioural reforms of public administration and service delivery. 
आगामी आर्थिक वर्षमा सार्वजनिक उपरदायित्व र स्वार्थको द्वन्द्वसम्बन्धी कानून तर्जुमा गरिनेछ।	Law related to public accountability and conflict of interest will be formulated in the coming fiscal year
नेपालको संविधानको धारा ६० अनुसार वित्तीय हस्तान्तरणसम्बन्धी विवरण प्रस्तुत गर्न अनुमति चाहन्छु।	Let me present the details of fiscal transfer as provisioned in Article 60 of the Constitution of Nepal.
राष्ट्रिय प्राकृतिक स्रोत तथा वित्त आयोगको सिफारिशका आधारमा वित्तीय समानीकरण अनुदान प्रदेशको लागि रु. ६० अर्ब र स्थानीय तहको लागि रु. ८८ अर्ब हस्तान्तरण गर्ने व्यवस्था मिलाएको छु।	I have provisioned the fiscal equalisation grants to transfer Rs. 60 billion to provinces and Rs. 88 billion to local levels based on the recommendations of the National Natural Resources and Fiscal Commission.
सशर्त अनुदान प्रदेशको लागि रु. २५ अर्ब ८४ करोड र स्थानीय तहको लागि रु. २ खर्ब ८ अर्ब ८८ करोड गरी जम्मा रु. २ खर्ब ३४ अर्ब ७३ करोड हस्तान्तरणको लागि विनियोजन गरेको छु।	I have allocated Rs. 25 billion 840 million for provinces and Rs. 208 billion 880 million for local levels, totalling Rs. 234 billion 730 million as conditional grants.
प्रदेश र स्थानीय तहलाई पूर्वाधारका आयोजना कार्यान्वयन गर्न समपूरक अनुदान बमोजिम रु. ६ अर्ब २० करोड र रु. ७ अर्ब विनियोजन गरेको छु।	I have allocated Rs. 6 billion 200 million and 7 billion to provinces and local levels respectively as supplementary grants to implement the infrastructure projects.
विशेष अनुदान प्रदेशको लागि रु. ४ अर्ब ४० करोड र स्थानीय तहको लागि रु. ८ अर्ब ५० करोड विनियोजन गरेको छु।	I have allocated Rs. 4 billion 400 million and Rs. 8 billion 500 million to provinces and local levels respectively as special grants.
सशर्त, समपूरक, र विशेष अनुदान कार्यसम्पादनका आधारमा हस्तान्तरण गर्ने व्यवस्था मिलाएको छु।	I have arranged the transfer of conditional, supplementary and special grants based on performance.
प्रदेश र स्थानीय तहमा राजस्व बाँडफाँटबाट रु. १ खर्ब ५९ अर्ब हस्तान्तरण हुने अनुमान छ।	It is estimated that Rs. 159 billion will be transferred to provinces and local levels through revenue sharing.
राजस्व बाँडफाँट र अनुदान गरेर प्रदेश र स्थानीय तहमा आगामी आर्थिक वर्षमा रु. ५ खर्ब ६७ अर्ब हस्तान्तरण हुने अनुमान छ।	It is estimated that Rs. 567 billion will be transferred to provinces and local levels including revenue sharing and grants.
कृषि उपजको उचित मूल्य र बजार सुनिश्चित गर्न सरकार, किसान र व्यवसायी सहभागी हुने गरी करार खेती प्रवर्द्धन गरिनेछ।	Contract farming will be promoted such that the government, farmers and businessmen participate to ensure fair price and market for agricultural produce.
कृषि उपज संकलन, प्रशोधन र निर्यात गर्न फर्मले स्थानीय कृषकलाई आवश्यक पर्ने मल, बीउ तथा अन्य सामग्री प्रदान गरी कृषि उत्पादन खरिद गर्न सुनिश्चित गरेमा उत्पादित उपजको परिमाणको आधारमा मल, बीउ, कृषि प्रसार सेवा र कर्जामा ब्याज अनुदान प्रदान गरिनेछ।	Interest subsidies on fertilizers, seeds, agricultural extension services, and loans will be provided based on the quantity of produce generated, if a firm engaged in the collection, processing, and export of agricultural produce ensures the purchase of agricultural products from local farmers by supplying them with necessary fertilizers, seeds, and other materials.
सरकारी, सार्वजनिक, नदी उकास र निजी स्वामित्वमा रहेको बाँझो जमिन स्थानीय तहमा अभिलेखीकरण गरी कृषि बाली, फलफूल, तरकारी, घाँसेबाली, जडीबुटी, पशुपक्षी पालन र मत्स्यपालनमा उपयोग गर्न सकिने व्यवस्था मिलाइनेछ।	Barren land under the ownership of government, public sector, private sector along with river basins will be recorded at the local level.
सामूहिक खेती प्रवर्द्धन गर्न सरकारी जमिन लिजमा उपलब्ध गराउने व्यवस्था मिलाइनेछ।	Arrangements will be made to provide government land on lease to promote collective farming.
हिमाल र पहाडमा ५० रोपनी र तराईमा १० बिघाभन्दा बढी जमिन एकीकरण र चक्लाबन्दी गरी व्यावसायिक रूपमा सामूहिक खेती, पशुपक्षी पालन एवं जडीबुटी खेती गर्ने व्यक्ति, फर्म तथा सहकारीलाई ब्याज अनुदान, प्राविधिक सहयोग र मेसिनरी आयातमा कर छुट प्रदान गरिनेछ।	Interest subsidy, technical support and tax exemption on machinery import will be provided to the individuals, firms and cooperatives engaged in commercial collective farming, animal husbandry and medicinal herbs cultivation by consolidating and pooling more than 50 ropanis in the mountains and hills and more than 10 bighas in the Terai.
मसिनो तथा वासनादार धान, उखु, मकै, दूध, माछा, मासु, कफी, चिया, अदुवा, बेसार, अकबरे खुर्सानी, प्याज, आलु लगायतका कृषि बालीको उत्पादन प्रवर्द्धन गर्न उत्तम बीउ, सिंचाइ लगायतमा अनुदान उपलब्ध गराई उत्पादित उपजको बजार सुनिश्चित गरिनेछ।	The market for the produce will be ensured by providing subsidies for high yielding seeds, irrigation etc., to promote the production of agricultural crops including slender-grained and aromatic rice, sugarcane, maize, milk, fish, meat, coffee, tea, ginger, turmeric, akabare chilli, onion and potatoes.
चैतेधान र हिउँदे मकै विस्तारका साथै रैथाने बालीको उत्पादन तथा उपभोग प्रवर्द्धनका लागि आवश्यक रकम विनियोजन गरेको छु।	I have allocated necessary funds for the expansion of spring paddy and winter maize as well as for the production and consumption of indigenous (Raithane) crops.
एक सय बिघाभन्दा ठूला चक्लामा वासनादार धान खेती गर्ने सात नमूना परियोजनालाई सहज रूपमा मल, बीउ, प्राविधिक सेवा तथा सहुलियतपूर्ण कर्जा उपलब्ध गराउने र बीमा प्रिमियममा छुट दिने व्यवस्था मिलाएको छु।	I have made arrangements to provide fertilizers, seeds, technical services and concessional loans and subsidy on insurance premium easily to seven model projects for cultivation of aromatic paddy in land pools larger than 100 bigha.
प्रधानमन्त्री कृषि आधुनिकीकरण परियोजनाका लागि रु. २ अर्ब ९८ करोड विनियोजन गरेको छु।	I have allocated Rs. 2 billion 980 million for the Prime Minister's Agriculture Modernization Project.
पहाडी र उच्च पहाडी क्षेत्रका दुई हजार हेक्टर जमिनमा फलफूल खेती विस्तार गरिनेछ।	Fruit cultivation will be expanded to two thousand hectares of land in hilly and high mountain areas.
आगामी आर्थिक वर्षमा फलफूलको खेतीमा सात लाख गुणस्तरीय बिरुवा उत्पादन गर्न गरि चौध सरकारी फर्मको क्षमता विस्तार गरिनेछ।	The capacity of fourteen government farms will be expanded to produce at least seven lakh quality fruit saplings in the coming financial year.
टिस्यु कल्चर प्रविधिद्वारा बिरुवा उत्पादन गर्न अत्याधुनिक प्रयोगशाला स्थापना गरिनेछ।	A state-of-the-art laboratory will be established to produce plants using tissue culture technology.
फलफूल क्षेत्र विकासका लागि रु. १ अर्ब ४४ करोड विनियोजन गरेको छु।	I have allocated Rs. 1 billion 440 million for the development of the fruit sector.
संघ, प्रदेश र स्थानीय तहको सहकार्यमा मध्य पहाडमा राष्ट्रिय फल स्याउ, हिमाल र उच्च पहाडमा स्याउ तथा तराई-मधेशमा आँप र केराको उत्पादन तथा निर्यात प्रवर्द्धनका लागि विशेष कार्यक्रम सञ्चालन गरिनेछ।	A special program will be conducted to promote the production and export of the national fruit- oranges in the mid-hills, apples in the Himalayas and high hills, and mangoes as well as bananas in Terai-Madhesh in collaboration with the Federal, Provincial and local levels.
कृषिको व्यवसायीकरणका लागि राजमार्ग केन्द्रित तीन सय उत्पादन संस्थालाई शुभारम्भ पूँजी उपलब्ध गराउने र उत्पादित वस्तुको बजार सुनिश्चित हुने व्यवस्था मिलाएको छु।	For the commercialization of agriculture, I have made arrangements to provide start-up capital to 300 highway-centric production organizations and to ensure the market for the produced goods.
यसका लागि रु. १ अर्ब १२ करोड विनियोजन गरेको छु।	I have allocated Rs. 1 billion 120 million for this purpose.
कृषकलाई समयमै मलखाद आपूर्ति सुनिश्चित गर्न अनुदानका लागि रु. २७ अर्ब ९५ करोड विनियोजन गरेको छु।	I have allocated Rs. 27 billion 950 million for subsidy to ensure timely supply of fertilizer to farmers.
जैविक एवं प्रांगारिक मलको उत्पादन तथा उपयोगलाई प्रवर्द्धन गरिनेछ।	Production and use of organic and bio-fertilizers will be promoted.
रासायनिक विषादीको उपयोगलाई निरुत्साहित गरी जैविक विषादीको प्रवर्द्धन गरिनेछ।	Use of chemical pesticides will be discouraged, and bio-pesticides will be promoted.
प्रमुख व्यापारिक शहरमा सरकारी र निजी क्षेत्रको सहकार्यमा कृषि बाली, पशुपक्षी र फलफूलको भण्डारण केन्द्र स्थापना गरिनेछ।	An auction centre for agricultural crops, livestock and fruits will be established in major commercial cities in collaboration with the public and private sectors.
कृषि बजार क्षेत्रमा निश्चित प्रतिशत स्थान किसानका लागि होल्डिङ यार्ड सञ्चालन गर्न उपलब्ध गराइनेछ।	A certain percentage of space in the agricultural market area will be made available for farmers to operate Holding Yards.
अन्तर्राष्ट्रिय र प्रमुख आन्तरिक विमानस्थलमा शीत भण्डार स्थापना गरिनेछ।	Cold storage will be established at international and major domestic airports to promote export of agricultural produce.
निर्यात गरिने कृषि उपजको प्रमाणिकरण र प्रयोगशाला परीक्षण शुल्कमा सहजीकरण गरिनेछ।	Facilitation will be made in certification and laboratory testing fees for exports of agricultural produce.
कृषि उपजको ढुवानीमा समेत सहज रूपमा कर्जा प्रवाह हुने व्यवस्था मिलाइनेछ।	Arrangement will be made to ease access to credit based on collateral of agricultural produce.
प्रतिफल प्राप्त हुन लामो अवधि लाग्ने कृषि तथा फलफूल व्यवसायमा उत्पादनपूर्वको अवधिको कर्जाको ब्याजमा अनुदान दिने व्यवस्था मिलाएको छु।	I have made arrangements to subsidize the interest on loans for agriculture and fruit enterprises, which typically takes a long time to yield returns, on pre-production phase.
गाई-भैंसी पालन प्रवर्द्धन केन्द्रको विकास गरिनेछ।	Cattle-Buffalo rearing resource centres will be developed in collaboration with the provinces, local levels and even the private sector in all provinces.
स्वदेशमै बढि उत्पादन क्षमता भएका दुग्धालु पशु उत्पादन गर्न गाई र भैंसीमा नस्ल सुधारका लागि रु. ३८ करोड विनियोजन गरेको छु।	I have allocated Rs. 380 million for breed improvement in cows and buffaloes to produce milch animals with higher production capacity in the country.
पशुपक्षीको महामारि रोग नियन्त्रणका लागि आगामी वर्ष पाँच करोड डोज खोप उत्पादन गरिनेछ।	Fifty million doses of vaccine will be produced next year to control epidemic diseases in livestock.
आगामी तीन वर्षभित्र पी.पी.आर. र क्लासिकल स्वाइन फिवर रोग उन्मूलन गर्न गरि निःशुल्क खोप अभियान सञ्चालन गरिनेछ।	A free vaccination campaign will be conducted to eradicate PPR and classical swine fever within the next three years.
खोरेत रोग नियन्त्रण गर्न सघन खोप कार्यक्रम सञ्चालन गरिनेछ।	An intensive vaccination program will be conducted to control Foot and Mouth Disease.
खोप उत्पादन तथा सेवा सञ्चालनका लागि रु. ४० करोड व्यवस्था गरेको छु।	I have allocated Rs. 400 million for vaccine production and vaccination service.
निजी क्षेत्र र स्थानीय समुदायको सहभागितामा स्याङ्जा, मुस्ताङ, मनाङ, गोरखा र धादिङ जिल्लाको हिमाली क्षेत्रमा कस्तुरी-मृग लगायतका वन्यजन्तु पालन गर्ने व्यावसायिक फर्म स्थापना गरिनेछ।	A commercial farm for rearing wild animals including musk deer will be established with the participation of the private sector and the local community in the Himalayan areas of Myagdi, Mustang, Manang, Gorkha and Dhading districts.
उखु खेती प्रवर्द्धनका लागि किसानलाई प्रोत्साहन गर्न रु. २ अर्ब २५ करोड विनियोजन गरेको छु।	I have allocated Rs 2 billion 250 million to encourage farmers for the promotion of sugarcane cultivation.
साना किसानको बाली तथा पशुपक्षी बीमाको प्रिमियममा अनुदान प्रदान गर्न रु. १ अर्ब ६५ करोड छुट्याएको छु।	I have allocated Rs. 1 billion 650 million to provide a subsidy on crop and livestock insurance premiums for small farmers.
कृषि अनुसन्धानमा संलग्न कृषि अनुसन्धान परिषद् लगायतका निकायको क्षमता अभिवृद्धि गरिनेछ।	The capacity of agencies involved in agricultural research, including the Nepal Agricultural Research Council, will be enhanced.
आगामी आर्थिक वर्ष थप ७५ कृषि प्रविधिको विकास गरिनेछ।	Additional 75 agricultural technologies will be developed in the next fiscal year.
कृषि अनुसन्धान तथा विकास तर्फ रु. ३ अर्ब ५२ करोड विनियोजन गरेको छु।	I have allocated Rs. 3 billion 520 million for agricultural research and development.
औषधीय प्रयोजनका लागि गाँजाको व्यावसायिक उत्पादन गर्न कानूनी व्यवस्था मिलाइनेछ।	Legal arrangements shall be made for the commercial production of marihuana for medicinal purposes.
कृषि तथा पशुपक्षी विकास मन्त्रालयका लागि रु. ५७ अर्ब २९ करोड विनियोजन गरेको छु।	I have allocated Rs. 57 billion 290 million for the Ministry of Agriculture and Livestock Development.
राष्ट्रीय प्रणालीको विद्युत् क्षमता ४ हजार ५ सय मेगावाट पुर्याइनेछ।	The capacity of the national grid will be increased to 4500 MW by adding 900 MW of electricity in the coming fiscal year.
प्रतिव्यक्ति विद्युत् खपत ४ सय ५० युनिट पुर्याइनेछ।	Electricity consumption per capita will be increased to 450 units.
आगामी आर्थिक वर्षदेखि बंगलादेशमा विद्युत् निर्यात गर्ने व्यवस्था मिलाइनेछ।	Arrangements will be made to export electricity to Bangladesh from the next fiscal year.
विद्युत् प्रसारण लाइन निर्माण र वितरण कार्यमा निजी क्षेत्र समेत सहभागी हुने गरी कानूनी प्रबन्ध गरिनेछ।	Legal arrangements will be made to involve the private sector in the construction and distribution of electricity transmission lines.
जलाशययुक्त जलविद्युत् आयोजनामा बाँध र विद्युत् गृह छुटाछुटै प्रविधिबाट निर्माण गर्ने गरी निजी क्षेत्रलाई लगानी गर्न आकर्षित गरिनेछ।	The private sector will be encouraged to invest in reservoir-based hydropower projects so as to construct dams and powerhouses by separate promoters.
सुख्खायामको मागलाई पूर्ति गर्न १२ सय मेगावाट क्षमताको बूढीगण्डकी, ६ सय ७० मेगावाट क्षमताको दूधकोशी र ४ सय १७ मेगावाट क्षमताको नलसुङ्गाड जलाशययुक्त जलविद्युत् आयोजना तथा २ सय ८० मेगावाट क्षमताको नौमुरे बहुउद्देश्यीय जलविद्युत् आयोजना निर्माण कार्य सुरु गरिनेछ।	The construction of 1200 MW Budhigandaki, 670 MW Dudhkoshi, 417 MW Nalsingad Reservoir Hydropower Project and 280 MW Naumure Multipurpose Hydropower Project will be initiated to meet the demand during the dry season.
वैदेशिक रोजगारमा गएका व्यक्तिको लगानीमा ७७.५ मेगावाटको घुसा र ७०.३ मेगावाटको सोलुखुम्बु जलविद्युत् आयोजना निर्माण कार्य अगाडि बढाइनेछ।	The 77.5 MW Ghunsa and 70.3 MW Simbuwa hydroelectric projects will be constructed with the investment of people working abroad.
जनताको जलविद्युत् कार्यक्रम अन्तर्गत १ हजार ६३ मेगावाटको माथिल्लो अरुण, १ सय ६ मेगावाटको जगदुल्ला, १ सय मेगावाटको तामाकोशी पाँच, ४२ मेगावाटको मोदी ए, र २ सय १० मेगावाटको चेनपुर-सेती जलविद्युत् आयोजनाको निर्माण कार्य सुरु गरिनेछ।	The construction of 1063 MW Upper Arun, 106 MW Jagdulla, 100 MW Tamakoshi Fifth, 42 MW Modi A and 210 MW Chainpur-Seti hydropower projects will be started under the People's Hydropower Programme
सुनकोशी-तेस्रो जलविद्युत् आयोजनाको विस्तृत अध्ययन गरी निर्माण प्रक्रिया अगाडि बढाइनेछ।	The construction of the Sunkoshi-Third hydropower project will be carried forward after a detailed feasibility study.
१० हजार ८ सय मेगावाटको कर्णाली-चिसापानी जलविद्युत् आयोजनाको विस्तृत इन्जिनियरिङ डिजाइनको कार्य सुरु गरिनेछ।	Detailed engineering design of Karnali-Chisapani hydropower project of 10800 MW will be initiated.
सन् २०४५ भित्र नै शुद्ध शून्य कार्बन उत्सर्जनको लक्ष्य हासिल गर्न जीवाश्म ऊर्जालाई स्वच्छ एवं नवीकरणीय ऊर्जाले बिस्तारै प्रतिस्थापन गरिनेछ।	Fossil fuel will be gradually replaced by clean and renewable energy to achieve the goal of net zero carbon emissions by 2045.
ऊर्जा उत्पादनलाई विविधीकरण गर्न निजी क्षेत्रबाट १ सय मेगावाट सौर्य विद्युत् जडान गर्न व्यवस्था मिलाइनेछ।	Arrangements will be made to establish 100 megawatts of solar power from the private sector to diversify energy production.
हरित हाइड्रोजन प्रवर्द्धन गर्न अनुसन्धान र विकासका लागि आवश्यक बजेट व्यवस्था गरेको छु।	I have arranged the necessary budget for the research and development to promote green hydrogen.
हेतौडा-ढल्केबर-इनरुवा र काठमाडौं-बारबसे-लिंगफेदि ४ सय के.भी. प्रसारण लाइनको निर्माण कार्य सम्पन्न गरिनेछ।	The construction of the Hetauda-Dhalkebar-Inaruwa, and Khimti-Bahrabise-Lapsifedi 400 KV transmission line will be completed.
कर्णाली कोरिडोर ४ सय के.भी. प्रसारण लाइनको निर्माण कार्यलाई तीव्रता दिइनेछ।	The construction of the Karnali Corridor 400 kV transmission line will be expedited.
हेतौडा-रातमाटे-लिंगफेदि-दमौली-नयाँ बुटवल, नयाँ बुटवल-लमही, लमही-दोधारा, र भेरी कोरिडोर ४ सय के.भी. प्रसारण लाइनको निर्माण कार्य सुरु गरिनेछ।	The construction of the Hetaunda-Ratmate-Lapsifedi-Damauli-New Butwal, New Butwal-Lamhi, Lamhi-Dododhara and Bheri Corridor 400 KV transmission line will be initiated.
सेती कोरिडोर, अरुण कोरिडोर, दूधकोशी कोरिडोर ४ सय के.भी. र बूढीगण्डकी कोरिडोर प्रसारण लाइनको निर्माण प्रक्रिया अगाडि बढाइनेछ।	The construction process of the Seti Corridor, Arun Corridor, Dudhkoshi Corridor 400 KV, and Budhigandaki corridor transmission line will be carried forward.
नयाँ बुटवल-गोरखपुर ४ सय के.भी. अन्तरदेशीय प्रसारण लाइनको निर्माण कार्य सम्पन्न गरिनेछ।	The construction of the New Butwal-Gorakhpur 400 KV transnational transmission line will be completed.
इनरुवा-पूर्णिया र दोधारा-बरेली ४ सय के.भी. तथा रसुवागढी-केरुङ २ सय २० के.भी. अन्तरदेशीय प्रसारण लाइनको निर्माण प्रक्रिया अगाडि बढाइनेछ।	The construction process of the Inaruwa-Purniya and Dododhara-Bareli 400 KV and Rasuwagadhi-Kerung 220 KV transnational transmission line will be carried forward.
प्रसारण लाइनको 'राइट अफ वे' का लागि आवश्यक जग्गाको छुट्टै व्यवस्था गरी जग्गाधनीलाई विद्युत् आयोजनाबाट प्रभावित नागरिक सरह शेयरमा सहभागी गराइनेछ।	A separate land parcel of the land owners will be maintained for the land required for the right of way of the transmission line and will be included in the share ownership in the same manner as the citizens impacted by the hydropower project.
ऊर्जा क्षेत्र विकासका लागि रु. ५० अर्ब ७४ करोड विनियोजन गरेको छु।	I have allocated Rs. 50 billion 740 million for energy sector development.
नेपाललाई सूचना प्रविधि हवको रूपमा विकास गरिनेछ।	Nepal will be developed as an information technology hub.
सूचना प्रविधि क्षेत्रबाट १० वर्षमा रु. ३० खर्बको निर्यात गर्ने र ५ लाख प्रत्यक्ष तथा १० लाख अप्रत्यक्ष रोजगार सृजना गर्ने लक्ष्यसहित आगामी आर्थिक वर्षलाई सूचना प्रविधि दशकको शुरुवात वर्षको रूपमा अगाडि बढाइनेछ।	The coming fiscal year will be the first year of the Information Technology Decade with the aim of achieving export worth Rs. 3 trillion and creating 500 thousand direct and 1 million indirect employment opportunities in the information technology sector in the next ten years.
सूचना प्रविधिलाई अर्थतन्त्रको संवाहक क्षेत्रको रूपमा स्थापित गरिनेछ।	Information technology will be established as a driving sector of the economy.
सूचना प्रविधिका नवीनतम् प्रविधि अवलम्बन गर्न कानूनी आधार तयार गरिनेछ।	Legal basis to adopt the innovative technologies of information technology will be prepared.
कृत्रिम बौद्धिकताको विकास, प्रवर्द्धन, र नियमनको व्यवस्था गरिनेछ।	Arrangements will be made for the development, promotion and regulation of artificial intelligence.
सूचना प्रविधि क्षेत्रमा नीतिगत स्थायित्वसहित उच्च गतिको भरपर्दो र किफायती इन्टरनेट सेवा, डाटा सुरक्षा र बौद्धिक सम्पत्ति संरक्षण प्रदान गरिनेछ।	Reliable, high-speed, and affordable internet services, data security, and intellectual property protection will be ensured with policy stability in the information technology sector.
'डिजिटल नेपाल फ्रेमवर्क' परिमार्जन गरी सोको कार्यान्वयन र अनुगमन गर्न संस्थागत व्यवस्था गरिनेछ।	Institutional arrangements will be made for implementation and monitoring of the Digital Nepal Framework after its revision.
यस आयोजनाका लागि रु. ५९ करोड विनियोजन गरेको छु।	I have allocated Rs. 590 million for this project.
काठमाडौं उपत्यका र बुटवलमा उपलब्ध सरकारी तथा निजी भवन समेत उपयोग गरी उच्च गतिको इन्टरनेट, विद्युत्, सेवा लगायतका पूर्वाधारसहित सूचना प्रविधि पार्क सञ्चालनको काम अगाडि बढाइनेछ।	The operation of the information technology park will be initiated with infrastructure such as high-speed internet, electricity, security, etc by utilizing available government and private buildings in Kathmandu Valley and Butwal.
यस्तो पार्कमा तीन वर्षका लागि वर्क स्टेशन सञ्चालन गर्न निःशुल्क स्थान उपलब्ध गराइनेछ।	Spaces will be made available free of cost for three years for the operation of the workstation in such parks.
सार्वजनिक-निजी साझेदारीमा अत्याधुनिक सूचना प्रविधि हव सञ्चालनका लागि काठमाडौंको डिल्लीबजारस्थित चारखालमा बहुमंजिला संरचना निर्माण गरिनेछ।	A multistorey structure will be constructed in Charkhal of Dillibazar, Kathmandu through public-private partnership to operate a state-of-the-art information technology hub.
ललितपुरको खुमलटारमा ज्ञान पार्क स्थापना गर्न रु. १७ करोड विनियोजन गरेको छु।	I have allocated Rs. 170 million to establish a Knowledge Park in Khumaltar, Lalitpur.
स्वदेशमा उत्पादित सफ्टवेयरलाई प्राथमिकता दिई सार्वजनिक निकायले उपयोग गर्ने व्यवस्था मिलाइनेछ।	Arrangements will be made for prioritizing domestically developed software to utilize in public entities.
सरकारी डाटा सेन्टरको स्तरोन्नति गरिनेछ।	The government data centre will be upgraded.
निजी क्षेत्रबाट सञ्चालन हुने डाटा सेन्टरका लागि मापदण्ड तयार गरिनेछ।	Standards will be developed for private sector operated data centres.
विद्युतीय दस्तावेजको भण्डारण, सुरक्षा, र उपयोगलाई व्यवस्थित र भरपर्दो बनाइनेछ।	Storage, security, and utilization of electronic data will be made systematic and reliable.
सूचना प्रविधि विषयमा स्नातक र स्नातकोत्तर तहमा अध्ययन गरिरहेका युवालाई सूचना प्रविधि सम्बन्धित उद्योगमा इन्टर्न गर्न व्यवस्था मिलाइनेछ।	Internships will be arranged in IT-related industries for youths studying information technology at the undergraduate and postgraduate levels.
सबै वडा केन्द्र, सामुदायिक विद्यालय र स्वास्थ्य संस्थामा ब्रॉडब्यान्ड इन्टरनेट सेवा पुर्याइनेछ।	Broadband internet service will be provided in all ward centres, community schools, and health institutions.
'डिजिटल डिवाइड' कम गर्न पिछडिएको वर्ग, क्षेत्र, महिला र समुदायको सूचना प्रविधिमा पहुँच विस्तार गरिनेछ।	Access to information technology will be expanded to backward classes, regions, women, and communities to reduce the digital divide.
आगामी आर्थिक वर्षमा सोह्र लाख पर्यटक भित्र्याउनेगरी पर्यटन प्रवर्द्धनका कार्यक्रम सञ्चालन गरिनेछ।	Tourism promotion programs will be conducted to attract 1.6 million tourists in the upcoming fiscal year.
नयाँ गतिविधिको पहिचान तथा मौजूदा गतिविधिको विकास र प्रवर्द्धनका लागि पर्यटकीय गतिविधिको प्रोफाइल तयार गरिनेछ।	Profiles of tourist destinations will be prepared by identifying new destinations and developing and promoting existing ones.
पर्यटकलाई एकद्वार प्रणालीमार्फत सेवा प्रवाह गर्ने व्यवस्था मिलाइनेछ।	One-door system will be developed for tourists for service delivery.
पर्वतारोहण अनुमतिपत्र प्रणालीलाई स्वचालित प्रविधिमा आधारित बनाइनेछ।	The mountaineering permit system will be developed based on automated technology.
छिमेकका मुलुक भारत र चीन तथा अन्य मुलुकका प्रमुख शहरमा पर्यटक लक्षित रोड शो, मेला, महोत्सव जस्ता पर्यटन प्रवर्द्धन कार्यक्रम सञ्चालन गरिनेछ।	Tourism promotion programs such as road shows, fairs, and festivals will be conducted in major cities of neighbouring countries India and China as well as other countries.
सीमावर्ती जिल्लामा छिमेकका मुलुकका पर्यटक लक्षित पर्यटकीय स्थल, बजार, स्वास्थ्य सुविधा विस्तार गरी सीमावर्ती पर्यटन प्रवर्द्धन गरिनेछ।	Border tourism will be promoted in the border districts by expanding tourist destinations, markets, and health facilities targeting at tourists from neighbouring countries.
नेपाल भारत सीमा नाकाबाट पशुपतिनाथ, स्वर्गद्वारी र मुक्तिनाथ दर्शन यातायात सेवा सञ्चालन गरी तीर्थयात्रीलाई सहज रूपमा प्रमुख धार्मिक स्थल दर्शन गर्ने व्यवस्था मिलाइनेछ।	Arrangement will be made for easy access to major religious sites for pilgrims by operating transport services from Nepal-India border points for Pashupatinath, Swargadwari and Muktinath Darshan, in collaboration with the private sector.
भौगोलिक रूपमा निकट रहेका तराई, पहाड र हिमाली क्षेत्रका पर्यटकीय स्थलमा परिपथ विकास गरिनेछ। बौद्ध परिपथ, शिव परिपथ, रामायण परिपथ, किराँत सांस्कृतिक परिपथको मार्ग निर्धारण गरी पर्यटन प्रवर्द्धन गर्न बजेट व्यवस्था गरेको छु।	Circuits will be gradually developed in the tourist destinations based on geographical proximity to Terai, Hill, and Himalayan region. I have allocated the budget for tourism promotion in Buddha Circuit, Shiva Circuit, Ramayana Circuit, and Kirat Cultural Circuit by identifying such routes.
सातै प्रदेश समेट्ने गरी चरुवा, पहाडी, र हिमाली क्षेत्रका प्रमुख गतिविधि स्थलमा पर्यापर्यटन प्रवर्द्धनका लागि टाकुरा पर्यटकीय गतिविधि तथा मनोरञ्जन पूर्वाधारसहितका इको हिल स्टेशन निर्माण गरिनेछ। मध्यपहाडी पुष्पलाल लोकमार्ग क्षेत्रका प्रमुख पर्यटकीय क्षेत्रमा होटल स्थापना गर्न सरकारी जग्गा लिजमा उपलब्ध गराइनेछ। प्रदेश र स्थानीय तहसँगको सहकार्यमा यस्ता स्थानमा पहुँच मार्ग, विद्युत् सेवा, खानेपानी सेवा पुर्याउने व्यवस्था मिलाइनेछ।	Eco hill stations with hilltop tourist destinations including recreational infrastructure will be constructed to promote ecotourism in the major destinations of Chure, hilly, and mountainous regions covering all seven provinces. Government land will be provided on lease to establish hotels in the major tourist area of the Madhyapahari Pushpalal Lokmarga region. Road access, electricity services, and drinking water services will be made available in such places in collaboration with the Provinces and Local Levels.
पदमार्गमा आधारित पर्यटकीय कार्यक्रम सञ्चालन गर्न मेटे हिमालयन ट्रेल, मध्यम ट्रेल, गुरुङला ट्रेल लगायतका पर्यटकीय पूर्वाधारको विकास गरिनेछ। पुराना चलनमा रहेका पदमार्गको संरक्षण र संवर्द्धन गरिनेछ। सम्भावित जोखिमयुक्त क्षेत्रमा पर्यटकीय उद्धार केन्द्र स्थापना गरिनेछ। पर्यटन पूर्वाधार विकासका लागि रु. ५ अर्ब ४६ करोड विनियोजन गरेको छु।	Tourist infrastructure will be developed to operate trail-based tourism programs such as the Great Himalayan Trail, Mundhum Trail, and Guerrilla Trail. The existing trekking routes will be preserved and improved. A tourist rescue centre will be established in risk-prone areas. I have allocated Rs. 5 billion 460 million for the development of tourism infrastructure.
जनताको जलविद्युत् कार्यक्रम अन्तर्गत १ हजार ६३ मेगावाटको माथिल्लो अरुण, १ सय ६ मेगावाटको जगदुल्ला, १ सय मेगावाटको तामाकोशी पाँच, ४२ मेगावाटको मोदी ए, र २ सय १० मेगावाटको चेनपुर-सेती जलविद्युत् आयोजनाको निर्माण कार्य सुरु गरिनेछ।	The construction of 1063 MW Upper Arun, 106 MW Jagdulla, 100 MW Tamakoshi Fifth, 42 MW Modi A and 210 MW Chainpur-Seti hydropower projects will be started under the People's Hydropower Programme.
सञ्चालनमा नरहेका बलेवा, लामीडाँडा, मनाङ, संखुवासभा, बैतडी लगायतका आन्तरिक विमानस्थललाई निजी क्षेत्रको सहकार्यमा प्याराग्लाइडिङ, पैरासूट, स्काई डाइविङ, र आइसलाइट जस्ता मनोरञ्जनात्मक साहसिक पर्यटनको लागि उपयोग गरिनेछ।	The domestic airports including Balewa, Lamidanda, Manang, Rumjatar, Baitadi, which are not in operation, will be utilized for recreational adventure tourism like paragliding, parachute, sky diving, ultralight in collaboration with the private sector.
मैले पर्यटन क्षेत्रतर्फ रु. ११ अर्ब ९१ करोड विनियोजन गरेको छु।	I have allocated Rs. 11 billion 910 million to the Tourism Sector.
उद्यमशीलता र औद्योगिक विकास	Entrepreneurship and Industrial Development
आन्तरिक उत्पादन बढाई आयात प्रतिस्थापन र निर्यात वृद्धि गर्न तथा उत्पादनलाई रोजगारीसँग आवद्ध गराउन उत्पादन र रोजगारका लागि साझेदारी कार्यक्रम सञ्चालन गरिनेछ।	Partnership program for production and employment will be implemented to substitute imports, increase exports, and link production with employment by increasing domestic production.
यस कार्यक्रममार्फत कृषिको उत्पादन र उत्पादकत्व बढाउन, कृषिमा आधारित उद्योगको विकास र विस्तार गर्न, ग्रामीण पर्यटन प्रवर्द्धन गर्न तथा सूचना-प्रविधिमा आधारित उद्यम स्थापना र सञ्चालन गर्न प्रोत्साहन गरिनेछ।	This program will encourage to increase the production and productivity of agriculture, develop and expand agriculture-based industries, promote rural tourism, and establish and operate information-technology-based enterprises.
यस कार्यक्रमका लागि रु. ७ अर्ब विनियोजन गरेको छु।	I have allocated Rs. 7 billion for this program.
प्रधानमन्त्री "नेपाली उत्पादन तथा उपभोग अभिवृद्धि कार्यक्रम" मार्फत स्वदेशी उत्पादन प्रोत्साहन गरिनेछ।	Domestic production will be promoted through the Prime Minister Nepali Production and Consumption Enhancement Program.
"मेक इन नेपाल" र "मेड इन नेपाल" अभियानमा निजी क्षेत्रसँग सहकार्य गरिनेछ।	Collaboration with the private sector will be performed through the Make in Nepal, Made in Nepal campaigns.
उत्पादनमूलक उद्योग र पर्यटन उद्योग स्थलसम्म पहुँच मार्ग, प्रसारण लाइन, नियमित विद्युत् सेवा, र इन्टरनेट सेवा लगायतका पूर्वाधार पुर्याउन सरकारबाट साझेदारी गरिनेछ।	The government will collaborate with the private sector to enhance infrastructures including access roads, transmission lines, regular electricity service, and internet service to the site of manufacturing and tourism industries.
जनतासम्म सार्वजनिक सेवा प्रवाह गर्न महत्त्वपूर्ण जिम्मेवारीमा रहेका स्थानीय तहलाई उत्पादन तथा रोजगार केन्द्रको रूपमा विकास गरिनेछ।	The local level, that is directly responsible and plays an important role for public service delivery to the people, will be developed with production and employment centres.
स्थानीय पूर्वाधार विकास, सार्वजनिक-निजी साझेदारीमा बहु-स्तरीय कृषि फर्म सञ्चालन, एक गाउँ एक उत्पादन, र पर्यटन लगायतका कार्यक्रमबाट स्थानीय स्तरमा आय आर्जन वृद्धि गर्न कार्यलाई तीव्रता दिइनेछ।	Programs such as local infrastructure development, operation of large-scale agricultural firms in public-private partnerships, one village-one product, and tourism will be accelerated to increase income at local level.
प्रदेशलाई विशेषीकृत आर्थिक केन्द्रको रूपमा विकास गरिनेछ।	The province will be developed as a specialized economic zone in collaboration with the private sector.
यसअनुसार कोशीलाई उद्योग, मधेशलाई कृषि, बागमतीलाई सूचना प्रविधि, गण्डकीलाई पर्यटन, लुम्बिनीलाई साना तथा मझौला उद्यम, कर्णालीलाई जडीबुटी, र सुदूरपश्चिमलाई धार्मिक पर्यटन आर्थिक हव बनाइनेछ।	Accordingly, Koshi will be developed as industrial, Madhesh as agricultural, Bagmati as information technology, Gandaki as tourism, Lumbini as small and medium enterprise, Karnali as herbal, and Sudur Paschim as religious tourism hub.
आर्थिक वृद्धिका सम्भावनाका क्षेत्रलाई समेटेर एकीकृत विकासको अवधारणाअनुरूप नमूना विकास अभियान सञ्चालन गर्न भरतपुर-बुटवल-पोखरा-(मध्यवर्ती) भरतपुरलाई तीनवटा कोणमा राखी गण्डकी आर्थिक उपत्यका परियोजना प्रस्ताव गरेको छु।	Aligning the concept of integrated development to cover the potential areas of economic growth, the Gandaki Economic Triangle Project is proposed to carry out a model development campaign connecting three corners - Bharatpur-Butwal-Pokhara- (Mugling) Bharatpur.
यस परियोजना अन्तर्गत निजी क्षेत्रको साझेदारीमा औद्योगिक इकोसिस्टम निर्माण गरी औद्योगिक पुनर्स्थान र गुणस्तरीय रोजगारी सृजना गरिनेछ।	Under this project, industrial revival and quality employment will be created by developing the industrial ecosystem in partnership with the private sector.
गण्डकी उपत्यकामा पनि निर्माणाधीन नारायणघाट-बुटवल र मध्यवर्ती-पोखरा सडक खण्डको विस्तार कार्य आगामी आर्थिक वर्षमा सम्पन्न गरिनेछ।	The under-construction Narayanghat-Butwal and Mugling-Pokhara road sections in the Gandaki Triangle will be completed in the next fiscal year.
बुटवल-पोखरा सडक खण्डलाई डेडिकेटेड दुई लेनमा स्तरोन्नति गरिनेछ।	The Butwal-Pokhara road section will be upgraded to a dedicated two-lane.
उपत्यकाका तीनवटै कोरिडोरमा औद्योगिक विकासका लागि आवश्यक यातायात संरचना निर्माण गरिनेछ।	Necessary transport network will be developed for industrial development in all three corridors of the triangle.
उपत्यका परियोजना अन्तर्गत नारायणघाट-बुटवल खण्डलाई निर्माण सामग्री तथा हेवी उद्योगको केन्द्र, मध्यवर्ती-पोखरा खण्डलाई कृषि तथा खाद्य प्रशोधन उद्योगको केन्द्र र पोखरा-बुटवल खण्डलाई विद्युतीय उपकरण, जुत्ता, लुगा, कालीन, लगायत घरायसी उपयोगका वस्तु तथा सेवा सम्बन्धी उद्योगको केन्द्रको रूपमा विकास गरिनेछ।	Under this Triangle Project, the Narayanghat-Butwal section will be developed as a construction materials and heavy industry hub, the Mugling-Pokhara section as an agriculture and food processing industrial hub, and the Pokhara-Butwal section as a household goods, including electrical appliances, shoes, garments, carpets and service-related industrial hub.
परियोजना कार्यान्वयनका लागि भरतपुर कोणमा पर्यटकीय सेवा, जलयात्रा र विशेषीकृत स्वास्थ्य सेवा, पोखरा कोणमा साहसिक मनोरञ्जन, पर्यटकीय सेवा तथा अनुसन्धानमूलक उच्च शिक्षा र बुटवल-भैरहवा कोणमा धार्मिक पर्यटन, डाटा सेन्टर तथा सूचना प्रविधि सम्बन्धी संस्था विकासका लागि निजी क्षेत्रको सहकार्यमा आवश्यक पूर्वाधार निर्माण गरिनेछ।	In collaboration with the private sector, the necessary infrastructure facilities will be developed for eco-tourism services, water rafting, and specialized health services in the Bharatpur node, adventure recreation, eco-tourism services and research-based higher education in the Pokhara node, and religious tourism, data centre and information technology-based institutional development in the Butwal-Bhairahawa node through the implementation of this project.
यस परियोजनालाई सार्वजनिक-निजी साझेदारीको नमूना परियोजनाको रूपमा विकास गरी कार्यान्वयन गर्न रु. २ अर्ब विनियोजन गरेको छु।	I have allocated Rs. 2 billion to this project to develop and implement it as a model project of public-private partnership.
निजगढदेखि ढल्केबरसम्मको पूर्व-पश्चिम राजमार्ग आसपासको क्षेत्रलाई नेपाली कालीन कोरिडोरको रूपमा विकास गरिनेछ।	The area around the East-West Highway from Nijgadh to Dhalkebar will be developed as the Nepali Carpet Corridor.
सार्वजनिक निकायले नेपालमा बनेको कालीन खरीद गर्नुपर्ने व्यवस्था गरिनेछ।	Arrangements will be made for the public entities to purchase carpets made in Nepal.
प्रदेश तथा स्थानीय तहको सहकार्यमा सुनसरी-धनकुटाको शारदा नदी आसपासको क्षेत्रलाई कृषि कोरिडोर, जुम्लाको तिला नदी र हिमा नदी आसपासको क्षेत्रलाई मास कोरिडोर, बाराको कोल्हबीदेखि सिमरौनगढ सडक आसपास क्षेत्रलाई माछा कोरिडोरको रूपमा विकास गरिनेछ।	In collaboration with the province and local level, the area around the Sharada River in Salyan-Rukum will be developed as an agricultural corridor, the area around the Hima River and Tila River in Jumla will be developed as a Marsi rice corridor, the area around the Kolbi to Simraungadh road in Bara will be developed as a fishery corridor.
कञ्चनपुरको दैजी, बाँकेको नौवस्ता र रुपन्देहीको मोतिपुर औद्योगिक क्षेत्रको निर्माण कार्य सुरु गरिनेछ।	Construction work will be started for the development of the industrial estates of Daiji in Kanchanpur, Nauvasta in Banke, and Motipur in Rupandehi.
औद्योगिक क्षेत्र र विशेष आर्थिक क्षेत्र सञ्चालन र व्यवस्थापनमा निजी क्षेत्रसँग साझेदारी गरिनेछ।	Partnership with the private sector will be done for the operation and management of industrial zones and special economic zones.
मकवानपुरको मयुरधाप र चितवनको शारदानगर लगायतका औद्योगिक क्षेत्र सार्वजनिक-निजी साझेदारीमा निर्माण तथा सञ्चालन गरिनेछ।	The industrial zones such as Mayur Dhap in Makwanpur and Sharda Nagar in Chitwan will be developed and operated in public-private partnership.
कञ्चनपुरको दैजी, बाँकेको नौवस्ता र रुपन्देहीको मोतिपुर औद्योगिक क्षेत्रको निर्माण कार्य सुरु गरिनेछ।	The construction work of the industrial estates in Daiji of Kanchanpur, Nauvasta of Banke, and Motipur of Rupandehi will start.
औद्योगिक क्षेत्र र विशेष आर्थिक क्षेत्र सञ्चालन र व्यवस्थापनमा निजी क्षेत्रसँग साझेदारी गरिनेछ।	Partnership with the private sector will be established for the operation and management of industrial zones and special economic zones.
मकवानपुरको मयुरधाप र चितवनको शारदानगर लगायतका औद्योगिक क्षेत्र सार्वजनिक-निजी साझेदारीमा निर्माण तथा सञ्चालन गरिनेछ।	The industrial zones such as Mayur Dhap in Makwanpur and Sharda Nagar in Chitwan will be developed and operated in public-private partnership.
उद्यममा युवा सहभागिता बढाउन स्टार्टअप र नवप्रवर्तनका लागि इकोसिस्टम विकास गरी उद्यमशील वातावरण सृजना गरिनेछ।	To increase youth participation in entrepreneurship, an ecosystem for start-ups and innovation will be developed to create an entrepreneurial environment.
स्टार्टअप उद्यमीलाई सहजीकरण र नियमन गर्न स्टार्टअप बोर्ड गठन गरिनेछ।	A Start-up Board will be set up to facilitate and regulate start-up entrepreneurs.
स्टार्टअप उद्यमीको वित्तीय आवश्यकता सम्बोधन गर्न रु. १ अर्ब को नेपाल स्टार्टअप कोष खडा गरेको छु।	I have set up a Rs. 1 billion Nepal Start-up Fund to address the financial needs of start-up entrepreneurs.
युवाको उद्यमशील सोचलाई व्यवसायमा परिणत गर्न प्रत्येक प्रदेशमा "बिजनेस इनक्यूबेसन सेन्टर" सञ्चालन गरिनेछ।	Business Incubation Centres will be operated in each province to transform the entrepreneurial thinking of the youth into business.
बैंक तथा वित्तीय संस्थाबाट प्रवाह हुने कर्जालाई नवप्रवर्तनमा प्रवाह गर्न प्रोत्साहन गरिनेछ।	Credit lending from banks and financial institutions will be encouraged and promoted to invest in innovation.
विभिन्न सम्झौतासँग कोषको रकम "प्राइवेट इक्विटी फण्ड" र "भेन्चर क्यापिटल फण्ड"का उद्देश्यभित्र एकाइमा लगानी गर्ने व्यवस्था मिलाइनेछ।	Arrangement will be made to invest in the securities unit of the Private Equity Fund and Venture Capital Fund from various contractual funds.
महिला उद्यमीद्वारा उत्पादित वस्तु तथा सेवाको प्रवर्द्धनका लागि सार्वजनिक-निजी साझेदारीमा काठमाडौंको चोभारमा अन्तर्राष्ट्रियस्तरको प्रदर्शनीस्थल निर्माण गरिनेछ।	An international-level exhibition centre will be developed at Chobhar, Kathmandu in a public-private partnership model to promote goods and services produced by women entrepreneurs.
महिला उद्यमीद्वारा उत्पादित वस्तुको ब्राण्डिङ गर्न शेड पोर्टलमा प्रवर्द्धन गर्ने व्यवस्था मिलाइनेछ।	Arrangements will be made for the entry of goods and services produced by women entrepreneurs on the trade portal for branding.
महिला उद्यमीद्वारा उत्पादित वस्तु बिक्री गर्न "कोसेली घर"को स्थापना र सञ्चालन गरिनेछ।	Koseli House will be established and developed to sell goods produced by women entrepreneurs.
बजारको मागअनुसार उत्पादक क्षेत्रको संलग्नतामा कार्यस्थलमा आधारित अप्रेन्टिसशिप कार्यक्रम सञ्चालन गरी सीप र रोजगारलाई सम्बद्ध गरिनेछ।	Apprenticeship programs based on the workplace will be conducted in collaboration with the production sector as per market demand to link skills and employment.